"TableName","DateColumnUsed","TotalRows","MinDate","MaxDate","DaysSpan","EstimatedDailyWrites"
"TRANSDETAILS","TradingDate","633690","1/1/2015 12:00:00 AM","9/26/2025 12:00:00 AM","3921","161.61"
"PBINTRACKING","DeliveryDate","274259","4/6/2015 12:00:00 AM","9/26/2025 12:00:00 AM","3826","71.68"
"TRANSHEADERS","TradingDate","244505","1/1/2015 12:00:00 AM","9/30/2025 12:00:00 AM","3925","62.29"
"ACTIVITYLOG","EventDate","30177","1/28/2024 12:00:00 AM","3/11/2026 12:00:00 AM","773","39.04"
"PUNITS","LastEditDateTime","22","4/25/2020 5:32:28 PM","4/26/2020 8:52:39 AM","1","22.00"
"TRANSVERSIONS","EntryDateTime","15300","3/27/2023 10:47:00 AM","9/26/2025 8:03:46 PM","914","16.74"
"TRANSOFFSETS","OffsetDate","55524","1/1/2015 12:00:00 AM","9/25/2025 12:00:00 AM","3920","14.16"
"TRANSCURADJ","TransactionDate","27605","1/4/2015 12:00:00 AM","9/25/2025 12:00:00 AM","3917","7.05"
"PRODUCTS","CreatedDate","14896","4/21/2016 4:14:15 PM","9/26/2025 8:52:30 AM","3445","4.32"
"REPORTSRECENT","RunDateTime","4780","4/15/2016 8:45:33 AM","9/26/2025 12:53:37 PM","3451","1.39"
"PSUPPLIERS","StartDate","9301","1/1/2000 12:00:00 AM","6/30/2018 12:00:00 AM","6755","1.38"
"PSERIALTRACKING","DeliveryDate","25","1/15/2015 12:00:00 AM","3/1/2015 12:00:00 AM","45","0.56"
"BANKSTATEMENTS","StatementDate","285","1/31/2015 12:00:00 AM","9/26/2025 12:00:00 AM","3891","0.07"
"PLOCATIONS","LastEditDateTime","2","1/13/2017 12:00:00 AM","3/1/2017 9:17:44 PM","47","0.04"
"PERIODS","PeriodEndDate","240","1/31/2014 12:00:00 AM","12/31/2033 12:00:00 AM","7274","0.03"
"LEDGER","LastEditDateTime","106","11/15/2014 2:23:51 AM","9/9/2025 2:27:50 PM","3951","0.03"
"LCURHISTORY","EntryDateTime","67","1/5/2015 6:30:17 PM","4/7/2025 2:13:08 PM","3745","0.02"
"LSUBACCOUNTS1","LastEditDateTime","64","12/8/2014 10:10:13 AM","6/6/2023 3:43:49 PM","3102","0.02"
"SUPPLIERS","CreatedDate","54","5/13/2016 9:10:55 AM","2/28/2025 3:46:28 PM","3213","0.02"
"TAXPERIODS","PeriodEndDate","48","12/31/2013 12:00:00 AM","9/30/2025 12:00:00 AM","4291","0.01"
"PGROUPS","LastEditDateTime","29","4/24/2016 2:38:09 PM","2/28/2025 3:41:52 PM","3232","0.01"
"TRANSFERBATCHES","BatchDate","19","12/31/2015 12:00:00 AM","3/24/2025 12:00:00 AM","3371","0.01"
"STOCKTAKES","StockTakeDate","8","3/22/2016 4:35:01 PM","11/6/2017 8:08:41 PM","594","0.01"
"CUSTOMERS","ContractDate","17","12/31/2014 12:00:00 AM","8/6/2024 12:00:00 AM","3506","0.00"
"CONTACTS","LastUpdate","14","12/29/2014 10:35:00 AM","3/10/2025 11:00:11 AM","3724","0.00"
"CGROUPS","LastEditDateTime","6","3/10/2015 2:02:34 PM","1/5/2024 8:39:23 AM","3223","0.00"
"PSALES","NO_DATE_COLUMN","81523","","","",""
"ZPURCHASE_INVOICES","NO_DATE_COLUMN","77283","","","",""
"gProductAverages","NO_DATE_COLUMN","75022","","","",""
"ZSALES_INVOICES","NO_DATE_COLUMN","43973","","","",""
"LBALANCES","NO_DATE_COLUMN","43487","","","",""
"ZSALES_ORDERS","NO_DATE_COLUMN","22628","","","",""
"ZCUSTOMER_RECEIPTS","NO_DATE_COLUMN","20088","","","",""
"PLOCDETAILS","NO_DATE_COLUMN","19023","","","",""
"REPORTRECFILTERS","NO_DATE_COLUMN","18849","","","",""
"ZSALES_DELIVERIES","NO_DATE_COLUMN","17154","","","",""
"ZSUPPLIER_REMITTANCES","NO_DATE_COLUMN","11390","","","",""
"ZPURCHASE_ORDERS","NO_DATE_COLUMN","8461","","","",""
"PBINCONTENTS","NO_DATE_COLUMN","5052","","","",""
"PBINS","NO_DATE_COLUMN","4730","","","",""
"SETTINGS","NO_DATE_COLUMN","4505","","","",""
"PRODUCTKITS","NO_DATE_COLUMN","3461","","","",""
"ZSALES_QUOTES","NO_DATE_COLUMN","1887","","","",""
"gAgedCustomerTrans","NO_DATE_COLUMN","1885","","","",""
"SPURCHASES","NO_DATE_COLUMN","1009","","","",""
"CSALES","NO_DATE_COLUMN","566","","","",""
"REPORTSINGROUPS","NO_DATE_COLUMN","446","","","",""
"REPORTFILTERS","NO_DATE_COLUMN","359","","","",""
"gOpeningBalance","NO_DATE_COLUMN","347","","","",""
"ZSALES_CREDITS","NO_DATE_COLUMN","252","","","",""
"gPriceList","NO_DATE_COLUMN","232","","","",""
"gAgedSupplierTrans","NO_DATE_COLUMN","222","","","",""
"REPORTLIST","Modified","188","","","",""
"LEDGERLINKS","NO_DATE_COLUMN","183","","","",""
"ZPURCHASE_CREDITS","NO_DATE_COLUMN","132","","","",""
"COPYUSERGROUPS","NO_DATE_COLUMN","99","","","",""
"EXCELREPORTS","NO_DATE_COLUMN","99","","","",""
"CONTRACTCOUNTIES","NO_DATE_COLUMN","48","","","",""
"TRADINGTERMS","NO_DATE_COLUMN","43","","","",""
"COPYUSERLIST","LastAccessedTime","35","","","",""
"CDELADDRESSES","NO_DATE_COLUMN","32","","","",""
"TRANSFERITEMS","NO_DATE_COLUMN","31","","","",""
"COMPANYSTATS","NO_DATE_COLUMN","28","","","",""
"COMPANYPRINTING","PrintAfter","23","12/30/1899 12:00:00 AM","12/30/1899 12:00:00 AM","0",""
"COMPANYREFS","NO_DATE_COLUMN","18","","","",""
"LCURRENCIES","LastEditDateTime","16","","","",""
"ZDICTIONARY","NO_DATE_COLUMN","15","","","",""
"REPORTGROUPS","NO_DATE_COLUMN","12","","","",""
"PSERIALNUMBER","UseByDate","12","5/28/2015 12:00:00 AM","5/28/2015 12:00:00 AM","0",""
"STOCKTAKERANGES","NO_DATE_COLUMN","11","","","",""
"COMPANYOPTIONS","DateTimeValue","10","","","",""
"JWORKTYPES","LastEditDateTime","3","","","",""
"LTAXRATES","LastEditDateTime","3","1/17/2024 9:48:17 PM","1/17/2024 9:48:17 PM","0",""
"MESSAGETEMPLATES","NO_DATE_COLUMN","3","","","",""
"ZSOCKETS","NO_DATE_COLUMN","3","","","",""
"IMPORTEXPORTDATA","NO_DATE_COLUMN","3","","","",""
"ZSALES_RETURNS","NO_DATE_COLUMN","2","","","",""
"COMPANYPRINTDATA","NO_DATE_COLUMN","2","","","",""
"SGROUPS","LastEditDateTime","2","7/25/2015 9:34:58 PM","7/25/2015 9:34:58 PM","0",""
"COMPANY","StartYearDate","1","1/1/2025 12:00:00 AM","1/1/2025 12:00:00 AM","0",""
"CRMMODELS","NO_DATE_COLUMN","1","","","",""
"CANALYSIS","LastEditDateTime","1","","","",""
"LTAXRETURN","NO_DATE_COLUMN","1","","","",""
"IMPORTEXPORTSETS","NO_DATE_COLUMN","1","","","",""
"XtractaCompany","ExpiryDate","1","","","",""
"JCOSTCENTRES","LastEditDateTime","1","","","",""
"JGROUPS","LastEditDateTime","1","","","",""
